first_name,last_name,mobile,email,password,tokens,otp,ethAcct,otpStartTime
ysgwu,wcsaxed,+918395090298,wkvbtpk@gmail.com,ircohpm,,0,0,0
sojuy,yevagzb,+915270399412,rvjrlhp@gmail.com,kmhopkj,,0,0,0
xywzr,qqrbntj,+916768028349,verylve@gmail.com,qvmdwqv,,0,0,0
vqoem,kjejtve,+912008257551,dczrqae@gmail.com,mdducfv,,0,0,0
shory,slqttjf,+917860542608,cpddhls@gmail.com,iwswjoa,,0,0,0
pzmng,opfastz,+913993036406,mtfrkrh@gmail.com,qzwyqxj,,0,0,0
hcqfo,ondfjma,+915405432190,rsrmbuo@gmail.com,ghdmwuf,,0,0,0
kmzgt,etunlis,+912734495981,foodfgk@gmail.com,usveddo,,0,0,0
zzqyf,zwijypk,+911507871393,vyuqmnz@gmail.com,omxecrz,,0,0,0
ezvpc,mgyummu,+916820002576,cqzvwlu@gmail.com,mybefzv,,0,0,0
ycley,shxctba,+919819113121,yiofzvp@gmail.com,ercnrzd,,0,0,0
pkpkw,joowxaj,+911398438747,snmunbo@gmail.com,zdlcpwm,,0,0,0
whyrx,apysbsb,+918535943752,ovstekx@gmail.com,wjncjaj,,0,0,0
aflnm,sqttbox,+913306871230,jqghaui@gmail.com,ssofgdx,,0,0,0
ascpq,yvtetvb,+914737522094,rlzylwv@gmail.com,xurrbhv,,0,0,0
npivx,mefwxjb,+916466110179,towitvq@gmail.com,tmhlbrc,,0,0,0
sfaao,hmywvtf,+913739275551,qabvrat@gmail.com,qhrjqkb,,0,0,0
qfohi,vvladuq,+913672446032,ksherkk@gmail.com,jgvhvlf,,0,0,0
xkrsg,owjzpkl,+914551672521,zbdlikh@gmail.com,gzpitvc,,0,0,0
hpxni,ydjfeii,+917637276935,efaibex@gmail.com,muxvoub,,0,0,0
xuajt,waowlta,+912482415142,rdqssis@gmail.com,uexgkos,,0,0,0
wwdeo,dzpnxny,+918999425873,kuxulsl@gmail.com,zmhugyk,,0,0,0
zzxeq,baleviz,+915346379383,knnspsf@gmail.com,rxcgwux,,0,0,0
xafpv,ucceobj,+912348906238,ispexoc@gmail.com,chnuefn,,0,0,0
pnjuz,ossfgss,+916731464917,nsmcser@gmail.com,lumwgoq,,0,0,0
btekv,fhewjko,+919886863080,hyhywby@gmail.com,xjyyzld,,0,0,0
ynaoy,jvjjmin,+914333759658,gngdmpx@gmail.com,frezpep,,0,0,0
mrerv,rshjuyw,+916968346193,ulywhjz@gmail.com,qrojvco,,0,0,0
zwgyq,pouqpdm,+914842186747,ddjdgan@gmail.com,dlbzafk,,0,0,0
paddu,ogwuuzz,+915883133984,tvwuhem@gmail.com,sfekrag,,0,0,0
iludr,olltbfh,+911702045374,fmwejdz@gmail.com,lkljrbe,,0,0,0
lvlap,reycolj,+913754537179,yxvnscp@gmail.com,tsetxvs,,0,0,0
cwqoh,mdwjdux,+913143134122,pkbqexn@gmail.com,wrwnyag,,0,0,0
bbmja,reshdft,+915105981475,remxwhw@gmail.com,atkvdzc,,0,0,0
jjblr,yeguqtu,+917063062076,hwkiiiy@gmail.com,mantjma,,0,0,0
lzucc,xgywrej,+914243800007,eototlc@gmail.com,rcepkdj,,0,0,0
aunfz,cjsvgvz,+915203612256,slmlcki@gmail.com,nyaqyoj,,0,0,0
hwaus,foleiza,+913116065762,jpnivcj@gmail.com,gpiweae,,0,0,0
wudud,jvlozlt,+917453391671,pezyhad@gmail.com,tbkyvyc,,0,0,0
sanpq,uokphmw,+915447587285,xawhgai@gmail.com,nuseuci,,0,0,0
rgoji,fdoznih,+916960998972,loxqiaw@gmail.com,hgxclgb,,0,0,0
opnrs,diwtlzk,+918910515043,mfcmsoh@gmail.com,bapoula,,0,0,0
tkbhy,kezxjwm,+919570740531,qdktsvp@gmail.com,ircemer,,0,0,0
zqleb,qevjxjf,+918674671952,vyazqxw@gmail.com,qyrhyfd,,0,0,0
fjcuo,ofdcvhb,+919164790706,gcrtqkq@gmail.com,ytctxin,,0,0,0
llrpa,nralvip,+911549446417,ipwsroc@gmail.com,dnyxtsv,,0,0,0
esuez,tfoybrg,+918474789691,bbwpnkq@gmail.com,yrgmrav,,0,0,0
uagvg,ezviive,+918603609374,anuzobv@gmail.com,vkswelu,,0,0,0
uvmnv,veabkuj,+914521150726,griddcf@gmail.com,iarzkgv,,0,0,0
yjrvv,ycawefg,+916191026805,egzvyyt@gmail.com,iampsjt,,0,0,0
